<?xml version="1.0" encoding="UTF-8"?>
<project-private xmlns="http://www.netbeans.org/ns/project-private/1">
    <editor-bookmarks xmlns="http://www.netbeans.org/ns/editor-bookmarks/2" lastBookmarkId="0"/>
    <open-files xmlns="http://www.netbeans.org/ns/projectui-open-files/2">
        <group>
            <file>file:/D:/java/Student-Management-System-main/src/studentmanagementsystem/Adminlogin.java</file>
            <file>file:/D:/java/Student-Management-System-main/src/studentmanagementsystem/instructorsystem.java</file>
            <file>file:/D:/java/Student-Management-System-main/src/studentmanagementsystem/instlogin.java</file>
            <file>file:/D:/java/Student-Management-System-main/src/studentmanagementsystem/Admininterface.java</file>
            <file>file:/D:/java/Student-Management-System-main/src/studentmanagementsystem/AppStart.java</file>
            <file>file:/D:/java/Student-Management-System-main/src/studentmanagementsystem/Instructor.java</file>
            <file>file:/D:/java/Student-Management-System-main/src/studentmanagementsystem/courses.java</file>
            <file>file:/D:/java/Student-Management-System-main/src/studentmanagementsystem/studentlogin.java</file>
            <file>file:/D:/java/Student-Management-System-main/src/studentmanagementsystem/instructorprofile2.java</file>
            <file>file:/D:/java/Student-Management-System-main/src/studentmanagementsystem/studentsystem.java</file>
            <file>file:/D:/java/Student-Management-System-main/src/studentmanagementsystem/person.java</file>
            <file>file:/D:/java/Student-Management-System-main/src/studentmanagementsystem/instructorprofile.java</file>
            <file>file:/D:/java/Student-Management-System-main/src/studentmanagementsystem/studentprofile.java</file>
            <file>file:/D:/java/Student-Management-System-main/src/studentmanagementsystem/MainSystem.java</file>
            <file>file:/D:/java/Student-Management-System-main/src/studentmanagementsystem/Student.java</file>
            <file>file:/D:/java/Student-Management-System-main/src/studentmanagementsystem/Course.java</file>
            <file>file:/D:/java/Student-Management-System-main/src/studentmanagementsystem/Grade.java</file>
        </group>
    </open-files>
</project-private>
